category,source_url,target_url,anchor_text,http_availability,public_rendered,rel_attributes,crawlability,public_access,notes
A public Trello Power-Up Directory,Not available,Not available,Not available,Not verified,No,Not observed,Not applicable,No,App is registered but not approved or listed; no public directory page was verified.
B public hosted product/help documentation,https://mateopedersen.github.io/calendarflow-trello-powerup/src/index.html,https://mateopedersen.github.io/calendarflow-trello-powerup/docs/privacy.html,Privacy,Opened in browser,Yes,Not inspected,Direct public URL,Yes,Connector landing page links to the public privacy notice.
B public hosted product/help documentation,https://mateopedersen.github.io/calendarflow-trello-powerup/src/index.html,https://mateopedersen.github.io/calendarflow-trello-powerup/docs/support.html,Support,Opened in browser,Yes,Not inspected,Direct public URL,Yes,Connector landing page links to the public support page.
B public hosted product/help documentation,https://mateopedersen.github.io/calendarflow-trello-powerup/docs/support.html,https://mateopedersen.github.io/calendarflow-trello-powerup/docs/privacy.html,Privacy Notice,Opened in browser,Yes,Not inspected,Direct public URL,Yes,Support page links to privacy notice.
C public GitHub repository,https://github.com/mateopedersen/calendarflow-trello-powerup,https://www.betacalendars.com/contact,Beta Calendars contact,Available at destination,Yes,Not inspected,Direct public URL,Yes,README/docs include publisher support/contact links.
C public GitHub repository,https://github.com/mateopedersen/calendarflow-trello-powerup,https://www.betacalendars.com/monthly-calendar,Monthly calendar collection,Available at destination,Yes,Not inspected,Direct public URL,Yes,README/source documentation links; one repository counts as one source domain, not multiple backlinks.
D authenticated Trello Power-Up interface,https://trello.com/b/oVyyUU28/calendarflow-qa-beta-calendars/power-up/6ac7553081b7246032038717,mailto:mateo@betacalendars.com?subject=CalendarFlow%20%E2%80%94%20Printable%20Project%20Planner,Contact support,Displayed in Trello Power-Up UI,No,Not applicable,Authenticated UI only,No,Not a public Trello directory backlink.
D authenticated Trello Power-Up interface,https://trello.com/b/oVyyUU28/calendarflow-qa-beta-calendars/power-up/6ac7553081b7246032038717,https://mateopedersen.github.io/calendarflow-trello-powerup/docs/privacy.html,Privacy policy,Opened as link in Trello UI,No,Not inspected,Authenticated UI only,Yes,Visible in app-add consent panel on private QA board.
E source repository URLs,Local source files published in C,https://www.betacalendars.com/monthly-calendar,Monthly calendar collection,Available at destination,No separate link source,Not applicable,Public source text,Yes,Planner resource panel link is in public source; in-app destination only opens after user click.
E source repository URLs,Local source files published in C,https://www.betacalendars.com/blank-calendar,Blank calendar templates,Available at destination,No separate link source,Not applicable,Public source text,Yes,Planner resource panel link is in public source; no Trello data is added to its URL.
E source repository URLs,Local source files published in C,https://www.betacalendars.com/weekly-calendar,Weekly calendar templates,Available at destination,No separate link source,Not applicable,Public source text,Yes,Planner resource panel link is in public source; no Trello data is added to its URL.
E source repository URLs,Local source files published in C,https://www.betacalendars.com/monthly-planner,Monthly planner templates,Available at destination,No separate link source,Not applicable,Public source text,Yes,Planner resource panel link is in public source; no Trello data is added to its URL.
F developer portal only,https://trello.com/apps/6ac7553081b7246032038717/edit,https://mateopedersen.github.io/calendarflow-trello-powerup/src/index.html,Iframe connector,Portal field saved,No,Not applicable,Authenticated developer portal,No,Developer portal field only; not a public source link.
